<?xml version="1.0" encoding="UTF-8"?>

<gems xmlns:xsi="http://www.w3.org/2001/XMLSchema-instance"
         xmlns="http://www.alexander-derugo.com/gems"
         xsi:schemaLocation="http://www.alexander-derugo.com/gems gems.xsd">

    <gem id="343243" status="">
        <gem-name>diamond</gem-name>
        <preciousness>precious</preciousness>
        <origin>Russia</origin>
        <visual-parameters>
            <color>white</color>
            <transparency>95</transparency>
            <gem-cut>facet</gem-cut>
            <faces>5</faces>
        </visual-parameters>
        <value>2</value>
        <price>300000</price>
    </gem>

    <gem-special id="443463" status="rare">
        <gem-name>beryllus</gem-name>
        <preciousness>precious</preciousness>
        <origin>Botswana</origin>
        <visual-parameters>
            <color>white</color>
            <transparency>97</transparency>
            <gem-cut>facet</gem-cut>
            <faces>6</faces>
        </visual-parameters>
        <value>1</value>
        <point-delivery>Russia</point-delivery>
    </gem-special>

    <gem id="342511" status="">
        <gem-name>rutile</gem-name>
        <preciousness>semi-precious</preciousness>
        <origin>Namibia</origin>
        <visual-parameters>
            <color>brown</color>
            <transparency>98</transparency>
            <gem-cut>cabochon</gem-cut>
            <faces>4</faces>
        </visual-parameters>
        <value>1</value>
        <price>12343</price>
    </gem>

    <gem-special id="454676" status="rare">
        <gem-name>axestone</gem-name>
        <preciousness>semi-precious</preciousness>
        <origin>Canada</origin>
        <visual-parameters>
            <color>yellow</color>
            <transparency>10</transparency>
            <gem-cut>facet</gem-cut>
            <faces>6</faces>
        </visual-parameters>
        <value>3</value>
        <point-delivery>USA</point-delivery>
    </gem-special>
    
    <gem id="566543" status="">
        <gem-name>sapphire</gem-name>
        <preciousness>precious</preciousness>
        <origin>South-Africa</origin>
        <visual-parameters>
            <color>dark-blue</color>
            <transparency>5</transparency>
            <gem-cut>cabochon</gem-cut>
            <faces>12</faces>
        </visual-parameters>
        <value>3</value>
        <price>344400</price>
    </gem>

    <gem-special id="332322" status="rare">
        <gem-name>jasper</gem-name>
        <preciousness>semi-precious</preciousness>
        <origin>Russia</origin>
        <visual-parameters>
            <color>red</color>
            <transparency>2</transparency>
            <gem-cut>facet</gem-cut>
            <faces>4</faces>
        </visual-parameters>
        <value>3</value>
        <point-delivery>Australia</point-delivery>
    </gem-special>
    
    <gem id="466532" status="">
        <gem-name>pearl</gem-name>
        <preciousness>precious</preciousness>
        <origin>Russia</origin>
        <visual-parameters>
            <color>white</color>
            <transparency>0</transparency>
            <gem-cut>cabochon</gem-cut>
            <faces>4</faces>
        </visual-parameters>
        <value>2</value>
        <price>234541</price>
    </gem>

    <gem-special id="223435" status="">
        <gem-name>emerald</gem-name>
        <preciousness>precious</preciousness>
        <origin> </origin> 
        <visual-parameters>
            <color> </color>
            <transparency>65</transparency>
            <gem-cut>facet</gem-cut>
            <faces>6</faces>
        </visual-parameters>
        <value>4</value>
        <point-delivery>Belarus</point-delivery>

    </gem-special>
    
    <gem id="565443" status="">
        <gem-name>corundum</gem-name>
        <preciousness>precious</preciousness>
        <origin>Canada</origin>
        <visual-parameters>
            <color>orange</color>
            <transparency>89</transparency>
            <gem-cut>cabochon</gem-cut>
            <faces>7</faces>
        </visual-parameters>
        <value>4</value>
        <price>34323</price>
    </gem>

    <gem-special id="657764" status="rare">
        <gem-name>tourmaline</gem-name>
        <preciousness>semi-precious</preciousness>
        <origin>Angola</origin>
        <visual-parameters>
            <color>red</color>
            <transparency>30</transparency>
            <gem-cut>cabochon</gem-cut>
            <faces>10</faces>
        </visual-parameters>
        <value>5</value>
        <point-delivery>France</point-delivery>
    </gem-special>
    
    <gem id="433234" status="">
        <gem-name>amber</gem-name>
        <preciousness>semi-precious</preciousness>
        <origin>Russia</origin>
        <visual-parameters>
            <color>orange</color>
            <transparency>50</transparency>
            <gem-cut>cabochon</gem-cut>
            <faces>7</faces>
        </visual-parameters>
        <value>2</value>
        <price>12324</price>
    </gem>

    <gem-special id="455434" status="">
        <gem-name>aquamarine</gem-name>
        <preciousness>precious</preciousness>
        <origin>Russia</origin>
        <visual-parameters>
            <color>blue</color>
            <transparency>5</transparency>
            <gem-cut>cabochon</gem-cut>
            <faces>4</faces>
        </visual-parameters>
        <value>3</value>
        <point-delivery>China</point-delivery>
    </gem-special>
    
    <gem id="223242" status="">
        <gem-name>turquoise</gem-name>
        <preciousness>semi-precious</preciousness>
        <origin>Namibia</origin>
        <visual-parameters>
            <color>green-blue</color>
            <transparency>0</transparency>
            <gem-cut>cabochon</gem-cut>
            <faces>6</faces>
        </visual-parameters>
        <value>2</value>
        <price>34324</price>
    </gem>

    <gem-special id="232111" status="">
        <gem-name>onyx</gem-name>
        <preciousness>semi-precious</preciousness>
        <origin>Russia</origin>
        <visual-parameters>
            <color>black-brown</color>
            <transparency>25</transparency>
            <gem-cut>facet</gem-cut>
            <faces>6</faces>
        </visual-parameters>
        <value>5</value>
        <point-delivery>Spain</point-delivery>
    </gem-special>
    
    <gem id="534534" status="rare">
        <gem-name>topaz</gem-name>
        <preciousness>precious</preciousness>
        <origin>Russia</origin>
        <visual-parameters>
            <color>yellow-brown</color>
            <transparency>100</transparency>
            <gem-cut>facet</gem-cut>
            <faces>10</faces>
        </visual-parameters>
        <value>4</value>
        <price>434534</price>
    </gem>

</gems>